Ma HS,Ho ten,Lop,Khoi
11A1-001,Lê Nguyễn Tuấn Anh,11A1,11
11A1-002,Nguyễn Thị Như Anh,11A1,11
11A1-003,Trần Thị Kim Anh,11A1,11
11A1-004,Lê Văn Bạc,11A1,11
11A1-005,Ngô Quang Quốc Bảo,11A1,11
11A1-006,Nguyễn Hoàng Danh,11A1,11
11A1-007,Bùi Phước Đăng,11A1,11
11A1-008,Danh Tuấn Đoàn,11A1,11
11A1-009,Trần Thành Được,11A1,11
11A1-010,Cao Phước Huy,11A1,11
11A1-011,Trần Thanh Huy,11A1,11
11A1-012,Nguyễn Trường Hưng,11A1,11
11A1-013,Đỗ Dương Khang,11A1,11
11A1-014,Phạm Thị Hồng Lam,11A1,11
11A1-015,Phan Gia Liên,11A1,11
11A1-016,Nguyễn Thị Hoàng Loel,11A1,11
11A1-017,Châu Kiều My,11A1,11
11A1-018,Võ Thị Kiều Ngọc,11A1,11
11A1-019,Trần Nguyễn Quý Nhân,11A1,11
11A1-020,Trần Thành Nhân,11A1,11
11A1-021,Đặng Thạch Yến Nhi,11A1,11
11A1-022,Nguyễn Bảo Nhi,11A1,11
11A1-023,Nguyễn Thị Xuân Nhi,11A1,11
11A1-024,Kim Thị Huỳnh Như,11A1,11
11A1-025,Đoàn Ngọc Phước,11A1,11
11A1-026,Nguyễn Gia Quí,11A1,11
11A1-027,Phạm Như Quỳnh,11A1,11
11A1-028,Bùi Khánh Sĩ,11A1,11
11A1-029,Đặng Hoàng Sơn,11A1,11
11A1-030,Bạch Thanh Tài,11A1,11
11A1-031,Tống Vĩ Thái,11A1,11
11A1-032,Trần Thị Thu Thảo,11A1,11
11A1-033,Đỗ Quốc Thiện,11A1,11
11A1-034,Châu Ngọc Minh Thư,11A1,11
11A1-035,Phạm Thị Ngọc Trân,11A1,11
11A1-036,Lê Thị Diễm Xuân,11A1,11
11A1-037,Lê Thị Như Ý,11A1,11
11A1-038,Nguyễn Thị Như Ý,11A1,11
11A1-039,Phan Ngọc Như Ý,11A1,11
11A1-040,Lưu Hồng Yến,11A1,11
11A2-001,Võ Thị Huỳnh Anh,11A2,11
11A2-002,Nguyễn Gia Bảo,11A2,11
11A2-003,Nguyễn Thị Ngọc Bích,11A2,11
11A2-004,Huỳnh Ngọc Cầm,11A2,11
11A2-005,Nguyễn Ngọc Mỹ Duyên,11A2,11
11A2-006,Bùi Chí Điều,11A2,11
11A2-007,Nguyễn Thị Hồng Gấm,11A2,11
11A2-008,Phan Ngọc Giàu,11A2,11
11A2-009,Cao Hoàng Huy,11A2,11
11A2-010,Lăng Dương Tuấn Hưng,11A2,11
11A2-011,Lê Hoàng Khang,11A2,11
11A2-012,Nguyễn Quốc Khang,11A2,11
11A2-013,Võ Hoàng Khang,11A2,11
11A2-014,Nguyễn Gia Khiêm,11A2,11
11A2-015,Đặng Nhã Kỳ,11A2,11
11A2-016,Nguyễn Thị Hồng Ngà,11A2,11
11A2-017,Lâm Ngọc Ngân,11A2,11
11A2-018,Nguyễn Trọng Nghiêm,11A2,11
11A2-019,Phan Nguyễn Bảo Ngọc,11A2,11
11A2-020,Nguyễn Tấn Nguyện,11A2,11
11A2-021,Trần Thị Thanh Nhanh,11A2,11
11A2-022,Lê Thị Yến Nhi,11A2,11
11A2-023,Trương Thị Ngọc Nhi,11A2,11
11A2-024,Nguyễn Hoàng Phúc,11A2,11
11A2-025,Trần Nguyễn Hoàng Phúc,11A2,11
11A2-026,Trần Nguyễn Trọng Phúc,11A2,11
11A2-027,Lê Phương Thanh,11A2,11
11A2-028,Nguyễn Mạnh Thắng,11A2,11
11A2-029,Nguyễn Hoàng Thiện,11A2,11
11A2-030,Võ Quốc Thịnh,11A2,11
11A2-031,Lê Thị Kim Thoa,11A2,11
11A2-032,Trần Trí Thức,11A2,11
11A2-033,Nguyễn Thị Ngọc Tiền,11A2,11
11A2-034,Đặng Thùy Trâm,11A2,11
11A2-035,Huỳnh Thị Bảo Trân,11A2,11
11A2-036,Nguyễn Thị Bảo Trân,11A2,11
11A2-037,Trần Thị Tường Vy,11A2,11
11A2-038,Trần Triệu Vy,11A2,11
11A2-039,Lin Wall (phan Wall),11A2,11
11A2-040,Đỗ Kim Yến,11A2,11
11A2-041,Nguyễn Thị Hồng Yến,11A2,11
11A2-042,Phạm Hoàng Gia Bảo,11A2,11
11A3-001,Nguyễn Văn Bi,11A3,11
11A3-002,Nguyễn Thị Kim Cương,11A3,11
11A3-003,Thái Thị Thùy Dung,11A3,11
11A3-004,Phạm Thành Đạt,11A3,11
11A3-005,Nguyễn Khánh Đăng,11A3,11
11A3-006,Lê Bảo Hân,11A3,11
11A3-007,Bùi Thị Như Huỳnh,11A3,11
11A3-008,Đoàn Ngọc Kha,11A3,11
11A3-009,Nguyễn Trọng Kha,11A3,11
11A3-010,Trần Thiện Khang,11A3,11
11A3-011,Đặng Minh Khôi,11A3,11
11A3-012,Trần Anh Kiệt,11A3,11
11A3-013,Danh Kiều,11A3,11
11A3-014,Nguyễn Thị Thúy Kiều,11A3,11
11A3-015,Trần Thị Kim Kiều,11A3,11
11A3-016,Nguyễn Gia Lạc,11A3,11
11A3-017,Huỳnh Ngọc Lam,11A3,11
11A3-018,Võ Thị Trúc Mai,11A3,11
11A3-019,Nguyễn Tuấn Minh,11A3,11
11A3-020,Nguyễn Lương Quỳnh My,11A3,11
11A3-021,Hoàng Nguyễn Thiên Nga,11A3,11
11A3-022,Lê Thị Mộng Nghi,11A3,11
11A3-023,Phan Hữu Nghĩa,11A3,11
11A3-024,Nguyễn Khánh Ngọc,11A3,11
11A3-025,Diệp Huỳnh Minh Nhật,11A3,11
11A3-026,Lê Thoa Nhi,11A3,11
11A3-027,Nguyễn Thị Bảo Nhi,11A3,11
11A3-028,Nguyễn Thị Yến Nhi,11A3,11
11A3-029,Phạm Minh Phú,11A3,11
11A3-030,Trần Hoàng Anh Quí,11A3,11
11A3-031,Nguyễn Thị Dạ Thảo,11A3,11
11A3-032,Đặng Minh Thắng,11A3,11
11A3-033,Nguyễn Trường Thịnh,11A3,11
11A3-034,Thạch Thị Thơ,11A3,11
11A3-035,Nguyễn Anh Thư,11A3,11
11A3-036,Nguyễn Anh Thư,11A3,11
11A3-037,Võ Thị Thủy Tiên,11A3,11
11A3-038,Trần Hữu Tình,11A3,11
11A3-039,Huỳnh Văn Tới,11A3,11
11A3-040,Võ Bích Trâm,11A3,11
11A3-041,Huỳnh Minh Trọng,11A3,11
11A3-042,Nguyễn Tường Vy,11A3,11
11A3-043,Võ Ngọc Như Ý,11A3,11
11A3-044,Lý Yến Nhi,11A3,11
11A4-001,Lê Kiều Mỹ Anh,11A4,11
11A4-002,Nguyễn Hoàng Tuấn Anh,11A4,11
11A4-003,Nguyễn Trúc Lan Anh,11A4,11
11A4-004,Nguyễn Thị Xuân Diệu,11A4,11
11A4-005,Phan Đoàn Thanh Duy,11A4,11
11A4-006,Phan Thùy Duyên,11A4,11
11A4-007,Đặng Minh Đạt,11A4,11
11A4-008,Trương Thành Đạt,11A4,11
11A4-009,Nguyễn Ngân Đông,11A4,11
11A4-010,Trần Thanh Huy,11A4,11
11A4-011,Lê Hoàng Khải,11A4,11
11A4-012,Nguyễn Quốc Khanh,11A4,11
11A4-013,Phạm Minh Khánh,11A4,11
11A4-014,Nguyễn Khôi,11A4,11
11A4-015,Phạm Hồ Đăng Khôi,11A4,11
11A4-016,Trịnh Ngọc Thiên Kim,11A4,11
11A4-017,Lê Thị Tường Lam,11A4,11
11A4-018,Phạm Chí Lâm,11A4,11
11A4-019,Lê Nguyễn Hữu Lộc,11A4,11
11A4-020,Lê Nguyễn Trà My,11A4,11
11A4-021,Trần Hải My,11A4,11
11A4-022,Quang Thị Ngọc Mỵ,11A4,11
11A4-023,Trần Quốc Nam,11A4,11
11A4-024,Bùi Kim Ngân,11A4,11
11A4-025,Đào Chí Nguyên,11A4,11
11A4-026,Phạm Nhật Nguyên,11A4,11
11A4-027,Trần Thị Mỹ Nhanh,11A4,11
11A4-028,Trần Thành Nhân,11A4,11
11A4-029,Mai Mỹ Phụng,11A4,11
11A4-030,Lê Thu Thảo,11A4,11
11A4-031,Phạm Thạch Ngọc Thảo,11A4,11
11A4-032,Đặng Hoàng Thắng,11A4,11
11A4-033,Phan Quốc Thiên,11A4,11
11A4-034,Huỳnh Nguyễn Quốc Thịnh,11A4,11
11A4-035,Nguyễn Ngọc Thịnh,11A4,11
11A4-036,Nguyễn Thị Anh Thơ,11A4,11
11A4-037,Huỳnh Anh Thư,11A4,11
11A4-038,Nguyễn Thị Huyền Trân,11A4,11
11A4-039,Phạm Hữu Trí,11A4,11
11A4-040,Huỳnh Nguyễn Khắc Triều,11A4,11
11A4-041,Hồ Quang Vinh,11A4,11
11A4-042,Phạm Hoàng Phi Vũ,11A4,11
11A4-043,Đặng Thị Tường Vy,11A4,11
11A5-001,Trương Nguyễn Bình An,11A5,11
11A5-002,Nguyễn Cao Như Anh,11A5,11
11A5-003,Nguyễn Thị Mỹ Anh,11A5,11
11A5-004,Phạm Thị Kim Anh,11A5,11
11A5-005,Trần Quốc Anh,11A5,11
11A5-006,Nguyễn Quốc Bảo,11A5,11
11A5-007,Ngô Trần Khánh Băng,11A5,11
11A5-008,Trần Huỳnh Dao,11A5,11
11A5-009,Võ Kim Dung,11A5,11
11A5-010,Trần Văn Bảo Duy,11A5,11
11A5-011,Phan Tấn Đạt,11A5,11
11A5-012,Đỗ Ngọc Hân,11A5,11
11A5-013,Trần Lý Gia Hân,11A5,11
11A5-014,Nguyễn Chấn Hùng,11A5,11
11A5-015,Nguyễn Quốc Khang,11A5,11
11A5-016,Phạm Phùng Thái Khang,11A5,11
11A5-017,Nguyễn Hoàng Khiêm,11A5,11
11A5-018,Nguyễn Thị Chúc Lam,11A5,11
11A5-019,Nguyễn Xuân Mai,11A5,11
11A5-020,Võ Lê Huyền My,11A5,11
11A5-021,Lương Phụng Nghi,11A5,11
11A5-022,Trần Thị Bé Ngoan,11A5,11
11A5-023,Nguyễn Lê Thuận Nguyên,11A5,11
11A5-024,Văn Kim Nguyên,11A5,11
11A5-025,Nguyễn Lê Huỳnh Như,11A5,11
11A5-026,Nguyễn Thành Phúc,11A5,11
11A5-027,Đặng Thị Y Phương,11A5,11
11A5-028,Trần Thị Mỹ Phương,11A5,11
11A5-029,Bùi Thị Trúc Quyên,11A5,11
11A5-030,Đoàn Đặng Nhật Tân,11A5,11
11A5-031,Phạm Thảnh Thơi,11A5,11
11A5-032,Bùi Kim Thư,11A5,11
11A5-033,Tạ Minh Thư,11A5,11
11A5-034,Lê Võ Việt Tiến,11A5,11
11A5-035,Lưu Hoàng Bích Trâm,11A5,11
11A5-036,Hồ Bích Trân,11A5,11
11A5-037,Lê Huyền Trân,11A5,11
11A5-038,Nguyễn Đức Trọng,11A5,11
11A5-039,Võ Thị Cẩm Trúc,11A5,11
11A5-040,Đào Ngọc Vy,11A5,11
11A5-041,Trần Ánh Vy,11A5,11
11A5-042,Nguyễn Thị Như Ý,11A5,11
11A5-043,Trần Hoàng Yến,11A5,11
11A5-044,Nguyễn Đức Thành,11A5,11
11A6-001,Võ Huỳnh Khả Ái,11A6,11
11A6-002,Huỳnh Thị Trâm Anh,11A6,11
11A6-003,Nguyễn Lan Anh,11A6,11
11A6-004,Phạm Quỳnh Anh,11A6,11
11A6-005,Nguyễn Huỳnh Danh,11A6,11
11A6-006,Nguyễn Văn Bảo Duy,11A6,11
11A6-007,Phan Văn Duy,11A6,11
11A6-008,Nguyễn Thành Đạt,11A6,11
11A6-009,Lê Hữu Đăng,11A6,11
11A6-010,Lê Tấn Đô,11A6,11
11A6-011,Lư Hữu Đức,11A6,11
11A6-012,Võ Hương Giang,11A6,11
11A6-013,Lê Võ Việt Hà,11A6,11
11A6-014,Nguyễn Thị Ngọc Huyền,11A6,11
11A6-015,Đặng Trung Kiên,11A6,11
11A6-016,Bùi Thiên Lam,11A6,11
11A6-017,Trương Tường Lam,11A6,11
11A6-018,Nguyễn Trần Triệu Mẫn,11A6,11
11A6-019,Nguyễn Minh Minh,11A6,11
11A6-020,Nguyễn Trà My,11A6,11
11A6-021,Lê Yến Nghi,11A6,11
11A6-022,Phạm Thành Ngoan,11A6,11
11A6-023,Phạm Thị Như Ngọc,11A6,11
11A6-024,Huỳnh Phong Nha,11A6,11
11A6-025,Đoàn Danh Nhân,11A6,11
11A6-026,Hồ Thị Yến Phi,11A6,11
11A6-027,Nguyễn Kim Phượng,11A6,11
11A6-028,Đặng Hoàng Tấn,11A6,11
11A6-029,Huỳnh Phú Thanh,11A6,11
11A6-030,Nguyễn Phúc Thiện,11A6,11
11A6-031,Lê Phát Thịnh,11A6,11
11A6-032,Võ Trần Gia Thịnh,11A6,11
11A6-033,Bùi Ngọc Anh Thơ,11A6,11
11A6-034,Bùi Anh Thư,11A6,11
11A6-035,Trần Thị Anh Thư,11A6,11
11A6-036,Lưu Minh Thy,11A6,11
11A6-037,Nguyễn Hữu Tín,11A6,11
11A6-038,Nguyễn Thị Huế Trân,11A6,11
11A6-039,Võ Lưu Minh Triết,11A6,11
11A6-040,Võ Nguyễn Tuấn Tú,11A6,11
11A6-041,Nguyễn Anh Tuấn,11A6,11
11A6-042,Trang Hồng Ánh Tuyết,11A6,11
11A6-043,Lê Ái Vy,11A6,11
11A6-044,Phan Ngọc Vy,11A6,11
11A6-045,Trần Nguyễn Quốc An,11A6,11
11A7-001,Nguyễn Thị Kim Anh,11A7,11
11A7-002,Lê Quang Dũng,11A7,11
11A7-003,Trần Tấn Giao,11A7,11
11A7-004,Bùi Chí Hải,11A7,11
11A7-005,Đoàn Phạm Ngọc Hân,11A7,11
11A7-006,Trần Quan Huy,11A7,11
11A7-007,Hồ Huỳnh Hương,11A7,11
11A7-008,Cao Thanh Tuấn Khang,11A7,11
11A7-009,Võ Minh Khang,11A7,11
11A7-010,Nguyễn Ngọc Khánh,11A7,11
11A7-011,Đỗ Trọng Khiêm,11A7,11
11A7-012,Võ Đăng Khôi,11A7,11
11A7-013,Võ Nguyễn Minh Luân,11A7,11
11A7-014,Nguyễn Thị Cẩm Ly,11A7,11
11A7-015,Nguyễn Thị Ngọc Mãi,11A7,11
11A7-016,Đoàn Lê Kim Ngân,11A7,11
11A7-017,Nguyễn Thị Kim Ngân,11A7,11
11A7-018,Đỗ Khánh Ngọc,11A7,11
11A7-019,Phạm Bảo Ngọc,11A7,11
11A7-020,Nguyễn Thanh Nhân,11A7,11
11A7-021,Đặng Nguyễn Nhi,11A7,11
11A7-022,Nguyễn Thị Hạnh Nhi,11A7,11
11A7-023,Nguyễn Ngọc Nở,11A7,11
11A7-024,Hồ Minh Phát,11A7,11
11A7-025,Nguyễn Tấn Phát,11A7,11
11A7-026,Võ Thị Ngọc Phấn,11A7,11
11A7-027,Nguyễn Trọng Phúc,11A7,11
11A7-028,Nguyễn Thanh Sang,11A7,11
11A7-029,Đỗ Đăng Sỹ,11A7,11
11A7-030,Nguyễn Phước Thọ,11A7,11
11A7-031,Lê Thị Ngọc Tiền,11A7,11
11A7-032,Huỳnh Phi Tiển,11A7,11
11A7-033,Nguyễn Khánh Toàn,11A7,11
11A7-034,Lê Hồng Bảo Trâm,11A7,11
11A7-035,Phạm Lê Bảo Trân,11A7,11
11A7-036,Nguyễn Ngô Minh Trọng,11A7,11
11A7-037,Sơn Thị Bích Tuyền,11A7,11
11A7-038,Lương Huỳnh Thanh Ngọc Tường Vi,11A7,11
11A7-039,Lý Ngọc Khánh Vy,11A7,11
11A7-040,Trần Thị Kim Huệ,11A7,11
11A7-041,Nguyễn Thái Ngọc Hân,11A7,11
11A7-042,Lâm Huỳnh Văn Minh,11A7,11
11A8-001,Đỗ Mỹ Ái,11A8,11
11A8-002,Hà Đức Anh,11A8,11
11A8-003,Cao Trọng Ân,11A8,11
11A8-004,Lý Quốc Bảo,11A8,11
11A8-005,Nguyễn Hữu Bằng,11A8,11
11A8-006,Phạm Mạnh Cường,11A8,11
11A8-007,Nguyễn Công Danh,11A8,11
11A8-008,Trần Ngân Giàu,11A8,11
11A8-009,Nguyễn Khánh Hà,11A8,11
11A8-010,Nguyễn Minh Hằng,11A8,11
11A8-011,Nguyễn Thạch Huy Hoàng,11A8,11
11A8-012,Lê Nguyễn Hoàng Huy,11A8,11
11A8-013,Nguyễn Huỳnh Duy Khánh,11A8,11
11A8-014,Hồ Thanh Khiêm,11A8,11
11A8-015,Võ Nguyễn Mai Khôi,11A8,11
11A8-016,Lê Thị Ái Kim,11A8,11
11A8-017,Đặng Thị Tường Lam,11A8,11
11A8-018,Trần Thạch Nhật Lan,11A8,11
11A8-019,Trần Thành Lâm,11A8,11
11A8-020,Nguyễn Ngọc Liên,11A8,11
11A8-021,Nguyễn Mạnh Lợi,11A8,11
11A8-022,Nguyễn Văn Lợi,11A8,11
11A8-023,Nguyễn Hoàng Minh,11A8,11
11A8-024,Bùi Diễm My,11A8,11
11A8-025,Võ Huỳnh Kim Ngân,11A8,11
11A8-026,Nguyễn Văn Ngoan,11A8,11
11A8-027,Huỳnh Trương Trí Nhân,11A8,11
11A8-028,Nguyễn Thành Nhiên,11A8,11
11A8-029,Nguyễn Tấn Phát,11A8,11
11A8-030,Nguyễn Triệu Phú,11A8,11
11A8-031,Lê Chí Quân,11A8,11
11A8-032,Trần Hoàng Thái,11A8,11
11A8-033,Nguyễn Quốc Thịnh,11A8,11
11A8-034,Nguyễn Lưu Phương Thùy,11A8,11
11A8-035,Phùng Thanh Thùy,11A8,11
11A8-036,Đặng Nguyễn Hoài Thư,11A8,11
11A8-037,Nguyễn Thạch Ngọc Trăm,11A8,11
11A8-038,Lê Ngọc Bích Trâm,11A8,11
11A8-039,Võ Ngọc Bảo Trân,11A8,11
11A8-040,Hồ Nguyễn Yến Vy,11A8,11
11A8-041,Trần Ngọc Tường Vy,11A8,11
11A8-042,Cao Ngọc Xuyến,11A8,11
11A8-043,Nguyễn Thị Ngọc Ý,11A8,11
11A8-044,Nguyễn Thị Kim Ngân,11A8,11
11A8-045,Thạch Thị Ngọc Mai,11A8,11
11A8-046,Trương Thành Phát,11A8,11
12A1-001,Nguyễn Huỳnh Khả Ái,12A1,12
12A1-002,Bùi Thị Tố Anh,12A1,12
12A1-003,Lê Nguyễn Như Anh,12A1,12
12A1-004,Lê Nhật Anh,12A1,12
12A1-005,Nguyễn Quốc Cường,12A1,12
12A1-006,Võ Minh Duy,12A1,12
12A1-007,Mai Thành Đạt,12A1,12
12A1-008,Nguyễn Văn Đức,12A1,12
12A1-009,Nguyễn Hoàng Bảo Giang,12A1,12
12A1-010,Đỗ Thị Phương Hằng,12A1,12
12A1-011,Nguyễn Thị Bé Hiền,12A1,12
12A1-012,Phan Thị Bích Hợp,12A1,12
12A1-013,Nguyễn Mai Huyền,12A1,12
12A1-014,Nguyễn Thị Mỹ Huyền,12A1,12
12A1-015,Trần Thị Ngọc Huỳnh,12A1,12
12A1-016,Trần Thị Trúc Huỳnh,12A1,12
12A1-017,Võ Thị Kim Hương,12A1,12
12A1-018,Hồ Minh Kha,12A1,12
12A1-019,Lý Hoàng Khá,12A1,12
12A1-020,Nguyễn Bảo Khang,12A1,12
12A1-021,Lê Hoàng Khởi,12A1,12
12A1-022,Phạm Thị Yến Lam,12A1,12
12A1-023,Đặng Khánh Linh,12A1,12
12A1-024,Trần Khánh Linh,12A1,12
12A1-025,Đặng Thị Cẩm Ly,12A1,12
12A1-026,Trương Thị Kim Ngân,12A1,12
12A1-027,Nguyễn Thị Bích Ngọc,12A1,12
12A1-028,Lê Thành Nhân,12A1,12
12A1-029,Trần Mỹ Ái Nhân,12A1,12
12A1-030,Phạm Tuyết Nhi,12A1,12
12A1-031,Đặng Nguyễn Yến Nhung,12A1,12
12A1-032,Nguyễn Lê Thành Phước,12A1,12
12A1-033,Nguyễn Ngọc Sơn,12A1,12
12A1-034,Lê Công Tạo,12A1,12
12A1-035,Lê Ngọc Thảo,12A1,12
12A1-036,Đặng Thị Bảo Thi,12A1,12
12A1-037,Nguyễn Thanh Thi,12A1,12
12A1-038,Phan Thị Bảo Thi,12A1,12
12A1-039,Nguyễn Văn Thông,12A1,12
12A1-040,Lương Thị Anh Thư,12A1,12
12A1-041,Nguyễn Huỳnh Anh Thư,12A1,12
12A1-042,Trần Thị Minh Thư,12A1,12
12A1-043,Nguyễn Thị Cẩm Tiên,12A1,12
12A1-044,Đỗ Ngọc Trâm,12A1,12
12A1-045,Nguyễn Hữu Trí,12A1,12
12A1-046,Đặng Thị Mỹ Tuyền,12A1,12
12A1-047,Đặng Bảo Yến,12A1,12
12A2-001,Huỳnh Thế Anh,12A2,12
12A2-002,Huỳnh Thị Mỹ Anh,12A2,12
12A2-003,Nguyễn Đức Anh,12A2,12
12A2-004,Lê Hữu Bằng,12A2,12
12A2-005,Hồ Diễm Chúc,12A2,12
12A2-006,Lưu Thị Ngọc Diễm,12A2,12
12A2-007,Đỗ Khả Doanh,12A2,12
12A2-008,Đoàn Thị Thúy Dương,12A2,12
12A2-009,Bùi Thành Đạt,12A2,12
12A2-010,Nguyễn Tấn Đạt,12A2,12
12A2-011,Võ Thái Cẩm Đoan,12A2,12
12A2-012,Võ Thị Châu Đoan,12A2,12
12A2-013,Nguyễn Thị Mỹ Giao,12A2,12
12A2-014,Nguyễn Trung Hậu,12A2,12
12A2-015,Lê Trần Như Huệ,12A2,12
12A2-016,Nguyễn Quốc Khanh,12A2,12
12A2-017,Trần Ngọc Linh,12A2,12
12A2-018,Trần Huỳnh Vũ Lợi,12A2,12
12A2-019,Bùi Võ Hải Lý,12A2,12
12A2-020,Bùi Cát Xuân Mai,12A2,12
12A2-021,Nguyễn Thị Trúc My,12A2,12
12A2-022,Trần Thanh Nhật Nam,12A2,12
12A2-023,Nguyễn Thảo Ngân,12A2,12
12A2-024,Nguyễn Xuân Ngân,12A2,12
12A2-025,Trương Hoàng Tuyết Nghi,12A2,12
12A2-026,Ngô Thị Kim Ngọc,12A2,12
12A2-027,Bùi Thị Thảo Nguyên,12A2,12
12A2-028,Hà Thị Ý Nhi,12A2,12
12A2-029,Nguyễn Thị Đông Nhi,12A2,12
12A2-030,Đỗ Hồng Nhung,12A2,12
12A2-031,Nguyễn Thị Quỳnh Như,12A2,12
12A2-032,Nguyễn Hoàng Phúc,12A2,12
12A2-033,Cao Thị Yến Phương,12A2,12
12A2-034,Nguyễn Trần Thiên Quế,12A2,12
12A2-035,Phan Khánh Quốc,12A2,12
12A2-036,Nguyễn Thị Tố Quyên,12A2,12
12A2-037,Nguyễn Thanh Tân,12A2,12
12A2-038,Nguyễn Thị Ngọc Thanh,12A2,12
12A2-039,Nguyễn Chí Thiện,12A2,12
12A2-040,Huỳnh Ngọc Thư,12A2,12
12A2-041,Huỳnh Văn Toàn,12A2,12
12A2-042,Hồ Thị Thùy Trang,12A2,12
12A2-043,Nguyễn Ngọc Trân,12A2,12
12A2-044,Trang Hồ Bích Trân,12A2,12
12A2-045,Bùi Nguyễn Phương Vy,12A2,12
12A3-001,Dương Nguyễn Quế Anh,12A3,12
12A3-002,Nguyễn Lan Anh,12A3,12
12A3-003,Nguyễn Thị Anh Anh,12A3,12
12A3-004,Nguyễn Minh Bi,12A3,12
12A3-005,Lê Thành Đạt,12A3,12
12A3-006,Hồ Phan Kỹ Đằng,12A3,12
12A3-007,Đường Trường Giang,12A3,12
12A3-008,Đỗ Nguyễn Tuyết Hằng,12A3,12
12A3-009,Trần Thị Trúc Hân,12A3,12
12A3-010,Lê Trung Hậu,12A3,12
12A3-011,Nguyễn Chí Hậu,12A3,12
12A3-012,Võ Ngọc Hoài,12A3,12
12A3-013,Đặng Kim Hoàng,12A3,12
12A3-014,Vương Quốc Hoàng,12A3,12
12A3-015,Nguyễn Gia Huy,12A3,12
12A3-016,Nguyễn Thị Ngọc Hương,12A3,12
12A3-017,Bùi Tuấn Khang,12A3,12
12A3-018,Nguyễn Hoàng Khang,12A3,12
12A3-019,Đỗ Duy Khánh,12A3,12
12A3-020,Nguyễn Duy Khánh,12A3,12
12A3-021,Trần Thị Mỹ Kim,12A3,12
12A3-022,Trần Hoài Nam,12A3,12
12A3-023,Võ Trịnh Thu Ngân,12A3,12
12A3-024,Nguyễn Thị Mỹ Ngọc,12A3,12
12A3-025,Nguyễn Thị Ngọc Nhi,12A3,12
12A3-026,Tống Thị Nhớ,12A3,12
12A3-027,Võ Thị Ái Như,12A3,12
12A3-028,Dương Minh Quân,12A3,12
12A3-029,Võ Hoàng Quân,12A3,12
12A3-030,Trần Thị Ngọc Quỳnh,12A3,12
12A3-031,Lê Gia Thuận,12A3,12
12A3-032,Nguyễn Thị Mỹ Tiên,12A3,12
12A3-033,Trần Ngọc Trâm,12A3,12
12A3-034,Nguyễn Ngọc Tú,12A3,12
12A4-001,Phan Thị Mộng Cầm,12A4,12
12A4-002,Nguyễn Ngọc Diệp,12A4,12
12A4-003,Nguyễn Thị Thùy Dung,12A4,12
12A4-004,Phạm Trần Quốc Dũng,12A4,12
12A4-005,Phan Hải Đăng,12A4,12
12A4-006,Huỳnh Thị Thúy Hằng,12A4,12
12A4-007,Nguyễn Đoàn Ngọc Hân,12A4,12
12A4-008,Trần Gia Hân,12A4,12
12A4-009,Nguyễn Thái Phước Hậu,12A4,12
12A4-010,Nguyễn Thị Kim Hoàng,12A4,12
12A4-011,Nguyễn Thái Gia Hưng,12A4,12
12A4-012,Võ Hữu Kha,12A4,12
12A4-013,Nguyễn Thanh Khởi,12A4,12
12A4-014,Đoàn Văn Kiệt,12A4,12
12A4-015,Nguyễn Tường Lam,12A4,12
12A4-016,Trần Nguyễn Ngọc Trúc Lam,12A4,12
12A4-017,Võ Văn Lên,12A4,12
12A4-018,Nguyễn Tấn Lộc,12A4,12
12A4-019,Lê Thị Ngọc Mai,12A4,12
12A4-020,Bùi Thảo My,12A4,12
12A4-021,Nguyễn Thị Diễm My,12A4,12
12A4-022,Trang Thanh Nghi,12A4,12
12A4-023,Trần Thị Phương Nghi,12A4,12
12A4-024,Nguyễn Thị Kim Nguyên,12A4,12
12A4-025,Nguyễn Thị Thúy Nhã,12A4,12
12A4-026,Đặng Thanh Nhàn,12A4,12
12A4-027,Trần Thanh Nhàn,12A4,12
12A4-028,Nguyễn Ngọc Nhi,12A4,12
12A4-029,Phạm Thị Quỳnh Như,12A4,12
12A4-030,Thị Cẩm Như,12A4,12
12A4-031,Chung Hoàng Phú,12A4,12
12A4-032,Lê Nhi Quân,12A4,12
12A4-033,Lê Thị Kim Quyên,12A4,12
12A4-034,Phan Thanh Tâm,12A4,12
12A4-035,Đặng Ngọc Thanh,12A4,12
12A4-036,Đỗ Thanh Thịnh,12A4,12
12A4-037,Huỳnh Ngọc Thư,12A4,12
12A4-038,Trương Hoàng Thư,12A4,12
12A4-039,Đặng Ngọc Tiên,12A4,12
12A4-040,Lý Thị Kiều Tiên,12A4,12
12A4-041,Tạ Trần Thùy Trâm,12A4,12
12A4-042,Lê Minh Trí,12A4,12
12A4-043,Huỳnh Hồ Thanh Trúc,12A4,12
12A4-044,Nguyễn Hoàng Ngọc Vy,12A4,12
12A4-045,Hồ Hoàng Vỹ,12A4,12
12A5-001,Phan Văn Bi,12A5,12
12A5-002,Nguyễn Lập Của,12A5,12
12A5-003,Lê Nguyễn Nam Duyên,12A5,12
12A5-004,Lê Quốc Đạt,12A5,12
12A5-005,Nguyễn Minh Đăng,12A5,12
12A5-006,Lê Văn Giáp,12A5,12
12A5-007,Thái Ngọc Hà,12A5,12
12A5-008,Trịnh Thị Ngọc Hà,12A5,12
12A5-009,Trần Quan Hạnh,12A5,12
12A5-010,Trần Tuấn Hào,12A5,12
12A5-011,Trần Thái Ngọc Hân,12A5,12
12A5-012,Đinh Chí Hiếu,12A5,12
12A5-013,Nguyễn Ngọc Thanh Hùng,12A5,12
12A5-014,Nguyễn Hoàng Kha,12A5,12
12A5-015,Nguyễn Minh Khang,12A5,12
12A5-016,Lê Minh Khoa,12A5,12
12A5-017,Lê Thị Thu Lam,12A5,12
12A5-018,Huỳnh Thị Yến Linh,12A5,12
12A5-019,Trần Tấn Lộc,12A5,12
12A5-020,Bùi Hữu Lợi,12A5,12
12A5-021,Phạm Thị Diễm My,12A5,12
12A5-022,Huỳnh Vũ Nghi,12A5,12
12A5-023,Huỳnh Thị Yến Nhi,12A5,12
12A5-024,Võ Thị Phi Nhung,12A5,12
12A5-025,Nguyễn Thị Ngọc Như,12A5,12
12A5-026,Nguyễn Tiến Phát,12A5,12
12A5-027,Phạm Ngọc Bảo Phương,12A5,12
12A5-028,Trần Thị Kiều Phương,12A5,12
12A5-029,Nguyễn Phước Thành,12A5,12
12A5-030,Nguyễn Thu Thảo,12A5,12
12A5-031,Tăng Nhất Thiên,12A5,12
12A5-032,Nguyễn Văn Tiến,12A5,12
12A5-033,Phạm Nguyễn Cẩm Tú,12A5,12
12A5-034,Võ Tường Vĩnh,12A5,12
12A6-001,Lê Quỳnh Anh,12A6,12
12A6-002,Ngô Ngọc Vân Anh,12A6,12
12A6-003,Nguyễn Thị Lan Anh,12A6,12
12A6-004,Nguyễn Tuấn Anh,12A6,12
12A6-005,Nguyễn Vòng Anh,12A6,12
12A6-006,Trần Nhật Anh,12A6,12
12A6-007,Võ Trần Thanh Bình,12A6,12
12A6-008,Phan Ngọc Châu,12A6,12
12A6-009,Trần Thành Đạt,12A6,12
12A6-010,Phạm Văn Định,12A6,12
12A6-011,Phan Bách Hải,12A6,12
12A6-012,Hà Như Hảo,12A6,12
12A6-013,Nguyễn Lê Gia Hân,12A6,12
12A6-014,Nguyễn Thanh Hiếu,12A6,12
12A6-015,Huỳnh Thái Huy,12A6,12
12A6-016,Lê Quốc Hưng,12A6,12
12A6-017,Lê Hoàng Khanh,12A6,12
12A6-018,Trần Thành Khôi,12A6,12
12A6-019,Phạm Thiên Lâm,12A6,12
12A6-020,Lê Thị Xuân Mai,12A6,12
12A6-021,Đặng Quang Minh,12A6,12
12A6-022,Lê Thành Nam,12A6,12
12A6-023,Trần Thị Kim Ngân,12A6,12
12A6-024,Lê Nguyễn Nhi,12A6,12
12A6-025,Trương Mẫn Nhi,12A6,12
12A6-026,Nguyễn Bảo Quỳnh Như,12A6,12
12A6-027,Nguyễn Thị Cẩm Nương,12A6,12
12A6-028,Huỳnh Nguyễn Hoàng Phúc,12A6,12
12A6-029,Trương Gia Phước,12A6,12
12A6-030,Nguyễn Thanh Quang,12A6,12
12A6-031,Trương Phú Quí,12A6,12
12A6-032,Tạ Đình Sinh,12A6,12
12A6-033,Trần Hữu Tài,12A6,12
12A6-034,Chiêm Tiến Thành,12A6,12
12A6-035,Nguyễn Hoàng Thành,12A6,12
12A6-036,Trần Văn Thiện,12A6,12
12A6-037,Phạm Quốc Thịnh,12A6,12
12A6-038,Cao Thị Ngọc Thư,12A6,12
12A6-039,Hồ Nguyễn Anh Thư,12A6,12
12A6-040,Võ Thị Minh Thư,12A6,12
12A6-041,Phạm Lý Chí Trọng,12A6,12
12A6-042,Tô Thanh Tùng,12A6,12
12A6-043,Tiết Bùi Triệu Vĩ,12A6,12
12A6-044,Nguyễn Trung Việt,12A6,12
12A6-045,Nguyễn Thị Thúy Vy,12A6,12
12A6-046,Nguyễn Ái Trân,12A6,12
12A7-001,Huỳnh Quốc An,12A7,12
12A7-002,Trần Thị Ý An,12A7,12
12A7-003,Võ Đào Việt An,12A7,12
12A7-004,Nguyễn Mai Kiều Anh,12A7,12
12A7-005,Trương Huỳnh Anh,12A7,12
12A7-006,Trần Gia Bảo,12A7,12
12A7-007,Nguyễn Trọng Cường,12A7,12
12A7-008,Tạ Ngọc Diễm,12A7,12
12A7-009,Trần Thị Ngọc Diễm,12A7,12
12A7-010,Nguyễn Hồng Đoan,12A7,12
12A7-011,Lê Hoàng Giang,12A7,12
12A7-012,Phạm Thị Thúy Hằng,12A7,12
12A7-013,Trương Nguyễn Quang Hiển,12A7,12
12A7-014,Thái Tuấn Anh Huy,12A7,12
12A7-015,Nguyễn Thị Cẩm Hường,12A7,12
12A7-016,Đoàn Quốc Khánh,12A7,12
12A7-017,Võ Hoàng Anh Khôi,12A7,12
12A7-018,Huỳnh Minh Kiên,12A7,12
12A7-019,Huỳnh Phan Gia Lạc,12A7,12
12A7-020,Ngô Nguyễn Tường Lam,12A7,12
12A7-021,Lê Thị Mỹ Luyến,12A7,12
12A7-022,Lê Cát Hạo Nhiên,12A7,12
12A7-023,Trương Chấn Phát,12A7,12
12A7-024,Dương Hoài Phong,12A7,12
12A7-025,Trần Thanh Phú,12A7,12
12A7-026,Đặng Như Phúc,12A7,12
12A7-027,Huỳnh Tấn Phước,12A7,12
12A7-028,Nguyễn Ngọc Đan Thanh,12A7,12
12A7-029,Hoàng Cao Thống,12A7,12
12A7-030,Phan Thị Anh Thơ,12A7,12
12A7-031,Bùi Thị Diễm Thúy,12A7,12
12A7-032,Nguyễn Lê Minh Thư,12A7,12
12A7-033,Nguyễn Thị Mỹ Tiên,12A7,12
12A7-034,Nguyễn Huỳnh Tiến,12A7,12
12A7-035,Nguyễn Phúc Tiến,12A7,12
12A7-036,Huỳnh Thanh Toàn,12A7,12
12A7-037,Châu Lê Bảo Trâm,12A7,12
12A7-038,Nguyễn Thị Bích Trâm,12A7,12
12A7-039,Nguyễn Ngọc Trân,12A7,12
12A7-040,Trương Thị Ngọc Trân,12A7,12
12A7-041,Từ Thị Ngọc Trân,12A7,12
12A7-042,Nguyễn Thanh Trúc,12A7,12
12A7-043,Trần Thị Hồng Xuyến,12A7,12
12A7-044,Đặng Như Ý,12A7,12
12A7-045,Nguyễn Cao Ngọc Yến,12A7,12
12A8-001,Cao Hoàng Anh,12A8,12
12A8-002,Nguyễn Thị Lan Anh,12A8,12
12A8-003,Hồ Tăng Hoài Bảo,12A8,12
12A8-004,Huỳnh Thái Bảo,12A8,12
12A8-005,Lê Mỹ Chi,12A8,12
12A8-006,Nguyễn Phúc Dũng,12A8,12
12A8-007,Nguyễn Khánh Duy,12A8,12
12A8-008,Nguyễn Ngọc Mỹ Duyên,12A8,12
12A8-009,Lê Nhã Đang,12A8,12
12A8-010,Nguyễn Thị Kim Đoan,12A8,12
12A8-011,Hồ Gia Hân,12A8,12
12A8-012,Nguyễn Bùi Gia Hân,12A8,12
12A8-013,Phạm Phi Hậu,12A8,12
12A8-014,Lê Thị Tuyết Huyền,12A8,12
12A8-015,Nguyễn Thị Mỹ Huyền,12A8,12
12A8-016,Trần Mai Hương,12A8,12
12A8-017,Trần Ngọc Vĩ Kha,12A8,12
12A8-018,Trần Việt Kha,12A8,12
12A8-019,Kim Hoàng Khánh,12A8,12
12A8-020,Huỳnh Đăng Khôi,12A8,12
12A8-021,Nguyễn Lê Thành Long,12A8,12
12A8-022,Lê Hữu Luân,12A8,12
12A8-023,Kha Hữu Nghĩa,12A8,12
12A8-024,Nguyễn Minh Nhựt,12A8,12
12A8-025,Nguyễn Âu Minh Phát,12A8,12
12A8-026,Nguyễn Thanh Phong,12A8,12
12A8-027,Lê Nguyễn Hữu Phước,12A8,12
12A8-028,Đinh Ngọc Lam Phương,12A8,12
12A8-029,Nguyễn Trần Mai Phương,12A8,12
12A8-030,Phan Hồng Phượng,12A8,12
12A8-031,Trần Quan,12A8,12
12A8-032,Đào Đoàn Phú Quý,12A8,12
12A8-033,Nguyễn Như Quỳnh,12A8,12
12A8-034,Trần Thị Như Quỳnh,12A8,12
12A8-035,Bùi Ngọc Thảo,12A8,12
12A8-036,Trần Lê Thi Thơ,12A8,12
12A8-037,Nguyễn Thị Bích Thùy,12A8,12
12A8-038,Nguyễn Anh Thư,12A8,12
12A8-039,Bùi Thị Mỹ Tiên,12A8,12
12A8-040,Hồ Thị Kim Vui,12A8,12
12A8-041,Huỳnh Yến Vy,12A8,12
12A9-001,Nguyễn Trường An,12A9,12
12A9-002,Nguyễn Thị Kim Anh,12A9,12
12A9-003,Nguyễn Thị Loan Anh,12A9,12
12A9-004,Trương Lan Anh,12A9,12
12A9-005,Huỳnh Tiến Đạt,12A9,12
12A9-006,Tạ Hữu Đức,12A9,12
12A9-007,Nguyễn Thị Thúy Hằng,12A9,12
12A9-008,Lưu Gia Huy,12A9,12
12A9-009,Phạm Gia Khiêm,12A9,12
12A9-010,Nguyễn Đăng Khoa,12A9,12
12A9-011,Ung Gia Lâm,12A9,12
12A9-012,Nguyễn Thanh Liền,12A9,12
12A9-013,Lê Lam Linh,12A9,12
12A9-014,Hồ Thiên Long,12A9,12
12A9-015,Trần Thị Thu Lượng,12A9,12
12A9-016,Trần Thị Ngọc Mai,12A9,12
12A9-017,Nguyễn Đặng Kim Ngân,12A9,12
12A9-018,Lư Thị Hồng Ngọc,12A9,12
12A9-019,Đặng Ngọc Yến Nhi,12A9,12
12A9-020,Nguyễn Thanh Nhi,12A9,12
12A9-021,Lý Thùy Nhiên,12A9,12
12A9-022,Nguyễn Ý Như,12A9,12
12A9-023,Phạm Hoàng Phải,12A9,12
12A9-024,Nguyễn Hoàng Như Phúc,12A9,12
12A9-025,Mai Phong Quang,12A9,12
12A9-026,Lý Thị Thanh Thảo,12A9,12
12A9-027,Huỳnh Thanh Thi,12A9,12
12A9-028,Võ Đoàn Quốc Thịnh,12A9,12
12A9-029,Nguyễn Bùi Anh Thơ,12A9,12
12A9-030,Võ Phước Tiến,12A9,12
12A9-031,Võ Lê Anh Toàn,12A9,12
12A9-032,Huỳnh Thanh Tú,12A9,12
12A9-033,Trần Minh Tuyết,12A9,12
12A9-034,Mã Thiên Tứ,12A9,12
12A9-035,Lê Thị Tường Vi,12A9,12
12A9-036,Đinh Chí Vinh,12A9,12
12A9-037,Trần Phú Vinh,12A9,12
12A9-038,Lê Văn Vững,12A9,12
12A9-039,Nguyễn Bá Vương,12A9,12
12A9-040,Dương Khánh Vy,12A9,12
12A10-001,Dư Phạm Phúc An,12A10,12
12A10-002,Lý Kim Ánh,12A10,12
12A10-003,Hà Nguyên Bách,12A10,12
12A10-004,Du Phú Hào,12A10,12
12A10-005,Nguyễn Thị Ngọc Hân,12A10,12
12A10-006,Nguyễn Hoàng Nhật Huy,12A10,12
12A10-007,Trịnh Quang Huy,12A10,12
12A10-008,Võ Thanh Huy,12A10,12
12A10-009,Trần Ngọc Huyền,12A10,12
12A10-010,Đặng Hoàng Khánh,12A10,12
12A10-011,Trần Gia Khiêm,12A10,12
12A10-012,Lê Đăng Khôi,12A10,12
12A10-013,Nguyễn Tuấn Kiệt,12A10,12
12A10-014,Trần Gia Kiệt,12A10,12
12A10-015,Đinh Nguyễn Pha Lê,12A10,12
12A10-016,Nguyễn Thành Lộc,12A10,12
12A10-017,Huỳnh Công Luật,12A10,12
12A10-018,Hà Trúc Ly,12A10,12
12A10-019,Nguyễn Gia Minh,12A10,12
12A10-020,Bùi Thanh Nhã,12A10,12
12A10-021,Dương Thị Yến Nhi,12A10,12
12A10-022,Nguyễn Thị Yến Nhi,12A10,12
12A10-023,Nguyễn Thanh Phú,12A10,12
12A10-024,Trương Đông Sơ,12A10,12
12A10-025,Võ Hoàng Thái,12A10,12
12A10-026,Võ Nguyễn Hoàng Thắng,12A10,12
12A10-027,Nguyễn Phát Thịnh,12A10,12
12A10-028,Nguyễn Như Thơ,12A10,12
12A10-029,Nguyễn Thị Minh Thư,12A10,12
12A10-030,Bùi Hồng Trâm,12A10,12
12A10-031,Nguyễn Trúc Bảo Trân,12A10,12
12A10-032,Phan Ngọc Nhã Trân,12A10,12
12A10-033,Nguyễn Đỗ Phương Trinh,12A10,12
12A10-034,Vũ Tiến Trung,12A10,12
12A10-035,Huỳnh Phương Uyên,12A10,12
12A10-036,Nguyễn Thúy Vi,12A10,12
12A10-037,Lê Phúc Vinh,12A10,12
12A10-038,Lê Quốc Vinh,12A10,12
12A10-039,Nguyễn Quang Vinh,12A10,12
12A10-040,Đỗ Thế Vĩnh,12A10,12
12A10-041,Đặng Lê Thùy Vy,12A10,12
12A10-042,Trần Ngọc Phương Vy,12A10,12
12A10-043,Nguyễn Thị Mỹ Xuyên,12A10,12
12A10-044,Cao Thị Như Ý,12A10,12
12A10-045,Tôn Như Ý,12A10,12
10A1-001,Đào Thị Kim Anh,10A1,10
10A1-002,Bùi Lê Hồng Anh,10A1,10
10A1-003,Nguyễn Gia Bảo,10A1,10
10A1-004,Ngô Cát Xuân Bình,10A1,10
10A1-005,Trịnh Kim Đan,10A1,10
10A1-006,Tô Tấn Đạt,10A1,10
10A1-007,Phạm Thành Đạt,10A1,10
10A1-008,Nguyễn Thị Cẩm Duyên,10A1,10
10A1-009,Nguyễn Thị Ngân Em,10A1,10
10A1-010,Nguyễn Thị Ngọc Hân,10A1,10
10A1-011,Nguyễn Hoàng Phi Hồ,10A1,10
10A1-012,Trần Trọng Hơn,10A1,10
10A1-013,Lâm Chấn Hưng,10A1,10
10A1-014,Nguyễn Hoàng Phước Hữu,10A1,10
10A1-015,Huỳnh Hoàng Huy,10A1,10
10A1-016,Nguyễn Nhựt Huy,10A1,10
10A1-017,Nguyễn Hoàng Kha,10A1,10
10A1-018,Huỳnh Phúc Khang,10A1,10
10A1-019,Phạm An Khánh,10A1,10
10A1-020,Nguyễn Huỳnh Bảo Kim,10A1,10
10A1-021,Nguyễn Minh Luân,10A1,10
10A1-022,Lê Nguyễn Khánh Ly,10A1,10
10A1-023,Đặng Hà My,10A1,10
10A1-024,Trương Hoàng Mộng Nghi,10A1,10
10A1-025,Trần Hiếu Nghĩa,10A1,10
10A1-026,Nguyễn Thị Khánh Như,10A1,10
10A1-027,Nguyễn Trọng Phúc,10A1,10
10A1-028,Lê Hoàng Toàn Phúc,10A1,10
10A1-029,Lê Trần Như Quỳnh,10A1,10
10A1-030,Võ Phương Quỳnh,10A1,10
10A1-031,Nguyễn Thị Mỹ Tâm,10A1,10
10A1-032,Tiết Hoàng Thiên,10A1,10
10A1-033,Đỗ Minh Thời,10A1,10
10A1-034,Trần Thị Cẩm Tiên,10A1,10
10A1-035,Lư Thành Tống,10A1,10
10A1-036,Nguyễn Thanh Trà,10A1,10
10A1-037,Phạm Thị Bảo Trân,10A1,10
10A1-038,Bùi Thị Bảo Trân,10A1,10
10A1-039,Võ Thị Thùy Trang,10A1,10
10A1-040,Nguyễn Phú Trọng,10A1,10
10A1-041,Trần Thanh Tuyền,10A1,10
10A1-042,Nguyễn Hồng Ngọc Vy,10A1,10
10A1-043,Đỗ Ngọc Tường Vy,10A1,10
10A1-044,Nguyễn Triệu Vy,10A1,10
10A1-045,Trần Tường Vy,10A1,10
10A1-046,Bùi Như Ý,10A1,10
10A1-047,Võ Ngọc Như Ý,10A1,10
10A1-048,Phan Lê Bảo Yến,10A1,10
10A2-001,Bùi Ngọc Phương Anh,10A2,10
10A2-002,Trần Thị Quế Anh,10A2,10
10A2-003,Võ Đình Thư Cát,10A2,10
10A2-004,Lê Phan Thư Cát,10A2,10
10A2-005,Trần Ngọc Châu,10A2,10
10A2-006,Đoàn Anh Dự,10A2,10
10A2-007,Thái Thùy Dương,10A2,10
10A2-008,Lương Thị Mỹ Duyên,10A2,10
10A2-009,Lê Huỳnh Linh Giang,10A2,10
10A2-010,Trần Bảo Hân,10A2,10
10A2-011,Đoàn Ngọc Hân,10A2,10
10A2-012,Phan Thị Gia Hân,10A2,10
10A2-013,Trần Thị Ngọc Hân,10A2,10
10A2-014,Lý Gia Hào,10A2,10
10A2-015,Bạch Chấn Hưng,10A2,10
10A2-016,Lê Xuân Huỳnh,10A2,10
10A2-017,Lưu Thế Khang,10A2,10
10A2-018,Trương Huỳnh Khang,10A2,10
10A2-019,Lý Minh Khôi,10A2,10
10A2-020,Lee Cha Khuây,10A2,10
10A2-021,Nguyễn Ngọc Thiên Kim,10A2,10
10A2-022,Nguyễn Thư Kỳ,10A2,10
10A2-023,Lê Tường Lam,10A2,10
10A2-024,Thạch Tường Lam,10A2,10
10A2-025,Trần Trường Lam,10A2,10
10A2-026,Đoàn Võ Nhã Linh,10A2,10
10A2-027,Nguyễn Thị Hà My,10A2,10
10A2-028,Trần Khánh Ngân,10A2,10
10A2-029,Nguyễn Thị Kim Ngân,10A2,10
10A2-030,Nguyễn Thị Kim Ngân,10A2,10
10A2-031,Phan Ngọc Phương Nghi,10A2,10
10A2-032,Lê Thị Dạ Nghi,10A2,10
10A2-033,Phan Trọng Nghĩa,10A2,10
10A2-034,Lê Nguyễn Ngọc Nguyên,10A2,10
10A2-035,Thạch Tú Phương,10A2,10
10A2-036,Trần Thanh Thái,10A2,10
10A2-037,Trần Thị Phương Thảo,10A2,10
10A2-038,Phạm Thanh Thảo,10A2,10
10A2-039,Từ Thanh Thảo,10A2,10
10A2-040,Phạm Thị An Thi,10A2,10
10A2-041,Trần Huỳnh Phát Thịnh,10A2,10
10A2-042,Nguyễn Ngọc Minh Thư,10A2,10
10A2-043,Nguyễn Thị Kiều Tiên,10A2,10
10A2-044,Bùi Đình Thùy Trâm,10A2,10
10A2-045,Trần Thị Bích Trâm,10A2,10
10A2-046,Trần Phạm Ngọc Trân,10A2,10
10A2-047,Nguyễn Thành Trung,10A2,10
10A2-048,Tô Thanh Võ,10A2,10
10A2-049,Lê Thị Thu Xuân,10A2,10
10A2-050,Nguyễn Như Ý,10A2,10
10A3-001,Dương Hoàng Anh,10A3,10
10A3-002,Vương Nguyễn Lan Anh,10A3,10
10A3-003,Huỳnh Gia Bảo,10A3,10
10A3-004,Lê Hoàng Gia Bảo,10A3,10
10A3-005,Mã Ngọc Thiên Bình,10A3,10
10A3-006,Đinh Nhựt Cần,10A3,10
10A3-007,Bùi Trần Nhã Đan,10A3,10
10A3-008,Nguyễn Minh Huy,10A3,10
10A3-009,Nguyễn Thị Ngọc Huyền,10A3,10
10A3-010,Trương Quốc Khang,10A3,10
10A3-011,Lư Trọng Khang,10A3,10
10A3-012,Đỗ Trung Kiên,10A3,10
10A3-013,Thạch Huỳnh Ngọc Lam,10A3,10
10A3-014,Trần Thị Ngọc Lan,10A3,10
10A3-015,Nguyễn Ngọc Thảo Ly,10A3,10
10A3-016,Trương Thị Huỳnh Mi,10A3,10
10A3-017,Nguyễn Thị Diễm My,10A3,10
10A3-018,Đặng Thị Diễm My,10A3,10
10A3-019,Nguyễn Ngọc Ngân,10A3,10
10A3-020,Lê Hiếu Nghĩa,10A3,10
10A3-021,Huỳnh Khánh Ngọc,10A3,10
10A3-022,Bùi Bảo Ngọc,10A3,10
10A3-023,Bùi Thị Bảo Ngọc,10A3,10
10A3-024,Phan Thanh Nguyên,10A3,10
10A3-025,Võ Khả Nhi,10A3,10
10A3-026,Đặng Huỳnh Như,10A3,10
10A3-027,Nguyễn Thị Thúy Quyên,10A3,10
10A3-028,Trần Nhã Quỳnh,10A3,10
10A3-029,Huỳnh Thị Như Quỳnh,10A3,10
10A3-030,Lê Ngọc Thiên Thảo,10A3,10
10A3-031,Võ Phước Thịnh,10A3,10
10A3-032,Nguyễn Song Thư,10A3,10
10A3-033,Nguyễn Thị Minh Thư,10A3,10
10A3-034,Mai Thị Anh Thư,10A3,10
10A3-035,Lê Thị Anh Thư,10A3,10
10A3-036,Lưu Như Thủy,10A3,10
10A3-037,Nguyễn Thị Bích Thủy,10A3,10
10A3-038,Trần Việt Tiến,10A3,10
10A3-039,Phan Thanh Toàn,10A3,10
10A3-040,Nguyễn Phụng Trâm,10A3,10
10A3-041,Đặng Phú Trọng,10A3,10
10A3-042,Dương Cẩm Tú,10A3,10
10A3-043,Trần Hoàng Tuấn,10A3,10
10A3-044,Cao Văn Tươi,10A3,10
10A3-045,Nguyễn Thị Chúc Vân,10A3,10
10A3-046,Huỳnh Ngọc Mai Vy,10A3,10
10A3-047,Bùi Ngọc Tường Vy,10A3,10
10A3-048,Nguyễn Thị Thúy Vy,10A3,10
10A3-049,Lương Triệu Vy,10A3,10
10A3-050,Trần Lâm Hồng Xuân,10A3,10
10A4-001,Nguyễn Phương Thùy Anh,10A4,10
10A4-002,Nguyễn Hoàng Bảo,10A4,10
10A4-003,Nguyễn Trần Gia Bảo,10A4,10
10A4-004,Mai Hồ Gia Bảo,10A4,10
10A4-005,Trần Gia Bảo,10A4,10
10A4-006,Trần Đặng Hoàng Chiến,10A4,10
10A4-007,Lê Thị Ngọc Chúc,10A4,10
10A4-008,Lê Khánh Đăng,10A4,10
10A4-009,Huỳnh Thị Thùy Dương,10A4,10
10A4-010,Dương Thị Cẩm Duyên,10A4,10
10A4-011,Lê Ngọc Hân,10A4,10
10A4-012,Phạm Ngọc Tường Hi,10A4,10
10A4-013,Phạm Ý Thái Minh Hoàng,10A4,10
10A4-014,Dương Ngọc Hồng,10A4,10
10A4-015,Huỳnh Ngọc Hưng,10A4,10
10A4-016,Mai Thành Hưng,10A4,10
10A4-017,Dương Quốc Huy,10A4,10
10A4-018,Thái Minh Kha,10A4,10
10A4-019,Kim Nguyễn Khang,10A4,10
10A4-020,Lê Hoàng Khang,10A4,10
10A4-021,Nguyễn Huỳnh Nhã Khanh,10A4,10
10A4-022,Trần Nguyên Khoa,10A4,10
10A4-023,Lê Quốc Kiệt,10A4,10
10A4-024,Bùi Thị Ngọc Kiều,10A4,10
10A4-025,Trần Ngọc Thiên Kim,10A4,10
10A4-026,Võ Ngọc Trúc Lam,10A4,10
10A4-027,Bùi Ngọc Tường Lam,10A4,10
10A4-028,Mai Ngọc Ngân,10A4,10
10A4-029,Nguyễn Ngọc Yến Nghi,10A4,10
10A4-030,Tô Hoàng Nghĩa,10A4,10
10A4-031,Nguyễn Trọng Nhân,10A4,10
10A4-032,Phạm Yến Nhi,10A4,10
10A4-033,Huỳnh Xuân Nhi,10A4,10
10A4-034,Trần Ngọc Phát,10A4,10
10A4-035,Thái Tài,10A4,10
10A4-036,Đỗ Thiên Thanh,10A4,10
10A4-037,Nguyễn Thị Thanh Thảo,10A4,10
10A4-038,Phạm Thanh Thuận,10A4,10
10A4-039,Đinh Thanh Tiến,10A4,10
10A4-040,Huỳnh Thị Thùy Trang,10A4,10
10A4-041,Nguyễn Thị Ngọc Trúc,10A4,10
10A4-042,Bùi Thanh Trúc,10A4,10
10A4-043,Nguyễn Duy Tường,10A4,10
10A4-044,Hồ Huỳnh Ngọc Tuyết,10A4,10
10A4-045,Lê Thúy Uyên,10A4,10
10A4-046,Trần Hoàng Vi,10A4,10
10A4-047,Ngô Nguyễn Tường Vy,10A4,10
10A4-048,Võ Minh Vy,10A4,10
10A5-001,Nguyễn Ngọc Ngân Anh,10A5,10
10A5-002,Linh Thị Trúc Anh,10A5,10
10A5-003,Võ Nguyễn Lan Anh,10A5,10
10A5-004,Cao Như Băng,10A5,10
10A5-005,Trần Gia Bảo,10A5,10
10A5-006,Nguyễn Quốc Cường,10A5,10
10A5-007,Hồ Công Đăng,10A5,10
10A5-008,Phan Thị Ngọc Diệp,10A5,10
10A5-009,Võ Hoàng Hải,10A5,10
10A5-010,Huỳnh Gia Hân,10A5,10
10A5-011,Cao Ngọc Hân,10A5,10
10A5-012,Đinh Thị Ngọc Hân,10A5,10
10A5-013,Đào Thị Ái Hòa,10A5,10
10A5-014,Tống Ngọc Hoài,10A5,10
10A5-015,Nguyễn Phước Hưng,10A5,10
10A5-016,Võ Hoàng Huy,10A5,10
10A5-017,Lê Thị Mỹ Huỳnh,10A5,10
10A5-018,Hứa Hà Gia Khang,10A5,10
10A5-019,Đào Tấn Khang,10A5,10
10A5-020,Trần Gia Khiêm,10A5,10
10A5-021,Võ Minh Khôi,10A5,10
10A5-022,Nguyễn Hoàng Khương,10A5,10
10A5-023,Lê Thị Cẩm Lài,10A5,10
10A5-024,Lưu Thị Hồng Lam,10A5,10
10A5-025,Lê Văn Bảo Lộc,10A5,10
10A5-026,Phan Thị Ngọc Mai,10A5,10
10A5-027,Lê Minh Mẫn,10A5,10
10A5-028,Lê Diễm My,10A5,10
10A5-029,Huỳnh Hồng Ngọc,10A5,10
10A5-030,Trần Nguyễn Bảo Ngọc,10A5,10
10A5-031,Trần Nguyễn Yến Ngọc,10A5,10
10A5-032,Trương Thị Kim Ngọc,10A5,10
10A5-033,Lê Nguyễn Thảo Nguyên,10A5,10
10A5-034,Trần Trọng Phan,10A5,10
10A5-035,Lê Nguyễn Hà Phương,10A5,10
10A5-036,Kha Thị Mỹ Phương,10A5,10
10A5-037,Lê Thị Bích Phương,10A5,10
10A5-038,Lê Phan Phương Quỳnh,10A5,10
10A5-039,Lưu Đắc Thịnh,10A5,10
10A5-040,Nguyễn Ái Thơ,10A5,10
10A5-041,Phan Thị Hồng Thơm,10A5,10
10A5-042,Lý Ngọc Thư,10A5,10
10A5-043,Trần Hữu Tình,10A5,10
10A5-044,Trần Thị Ngọc Trân,10A5,10
10A5-045,Nguyễn Ngọc Bảo Trân,10A5,10
10A5-046,Nguyễn Thị Thảo Vân,10A5,10
10A5-047,Võ Quang Vinh,10A5,10
10A5-048,Huỳnh Xuân Ý,10A5,10
10A5-049,Phạm Phi Yến,10A5,10
10A5-050,Nguyễn Thị Kim Yến,10A5,10
10A6-001,Bùi Hoài An,10A6,10
10A6-002,Nguyễn Huỳnh Anh,10A6,10
10A6-003,Trần Minh Anh,10A6,10
10A6-004,Võ Thị Phương Anh,10A6,10
10A6-005,Nguyễn Mạnh Gia Bảo,10A6,10
10A6-006,Lý Bảo Châu,10A6,10
10A6-007,Bạch Huỳnh Bảo Châu,10A6,10
10A6-008,Phan Ngân Châu,10A6,10
10A6-009,Đoàn Lưu Thành Danh,10A6,10
10A6-010,Võ Tiến Đạt,10A6,10
10A6-011,Trần Hữu Điền,10A6,10
10A6-012,Nguyễn Duy,10A6,10
10A6-013,Nguyễn Hoàng Gia,10A6,10
10A6-014,Nguyễn Thị Tây Hạ,10A6,10
10A6-015,Lê Trí Hào,10A6,10
10A6-016,Huỳnh Phú Hậu,10A6,10
10A6-017,Lê Thu Huyền,10A6,10
10A6-018,Nguyễn Trọng Khang,10A6,10
10A6-019,Phạm Thị Xuân Khánh,10A6,10
10A6-020,Nguyễn Ngọc Lam,10A6,10
10A6-021,Phan Trúc Lam,10A6,10
10A6-022,Dương Tường Lam,10A6,10
10A6-023,Dương Tấn Lộc,10A6,10
10A6-024,Nguyễn Minh Luân,10A6,10
10A6-025,Trương Xuân Mai,10A6,10
10A6-026,Trương Tuấn Minh,10A6,10
10A6-027,Cao Phạm Phương Mỹ,10A6,10
10A6-028,Đặng Thoại Mỹ,10A6,10
10A6-029,Đỗ Thị Ngọc Ngân,10A6,10
10A6-030,Nguyễn Lê Ái Ngọc,10A6,10
10A6-031,Nguyễn Phước Nhân,10A6,10
10A6-032,Nguyễn Yến Nhi,10A6,10
10A6-033,Nguyễn Thanh Nhựt,10A6,10
10A6-034,Nguyễn Thị Thúy Oanh,10A6,10
10A6-035,Đặng Chấn Phát,10A6,10
10A6-036,Nguyễn Phú,10A6,10
10A6-037,Phạm Gia Phúc,10A6,10
10A6-038,Nguyễn Thị Khánh Phương,10A6,10
10A6-039,Nguyễn Phạm Như Quỳnh,10A6,10
10A6-040,Phan Thị Như Quỳnh,10A6,10
10A6-041,Phan Quốc Thái,10A6,10
10A6-042,Tăng Diệu Thắm,10A6,10
10A6-043,Đặng Thị Mai Thanh,10A6,10
10A6-044,Phạm Lý Thanh Thảo,10A6,10
10A6-045,Trần Thục Trân,10A6,10
10A6-046,La Đoàn Diễm Trúc,10A6,10
10A6-047,Huỳnh Dương Cát Tường,10A6,10
10A6-048,Nguyễn Duy Tường,10A6,10
10A6-049,Lê Như Vàng,10A6,10
10A6-050,Thái Tuyết Vy,10A6,10
10A7-001,Nguyễn Lê Khánh An,10A7,10
10A7-002,Nguyễn Thị Ngọc Ánh,10A7,10
10A7-003,Võ Hoàng Gia Bảo,10A7,10
10A7-004,Nguyễn Gia Bảo,10A7,10
10A7-005,Lý Thị Ngọc Chúc,10A7,10
10A7-006,Trần Nhật Cường,10A7,10
10A7-007,Trần Ngọc Đan,10A7,10
10A7-008,Võ Tiến Đạt,10A7,10
10A7-009,Huỳnh Ngọc Thùy Duy,10A7,10
10A7-010,Trần Thị Ngọc Duyên,10A7,10
10A7-011,Nguyễn Chi Dỹ,10A7,10
10A7-012,Nguyễn Thị Ngọc Giàu,10A7,10
10A7-013,Châu Ngọc Giàu,10A7,10
10A7-014,Nguyễn Gia Hân,10A7,10
10A7-015,Dương Chí Hiếu,10A7,10
10A7-016,Trương Nguyễn Minh Hoàn,10A7,10
10A7-017,Nguyễn Hoàng Huy,10A7,10
10A7-018,Nguyễn Nhật Huy,10A7,10
10A7-019,Nguyễn Võ Ngọc Huyền,10A7,10
10A7-020,Nguyễn Huỳnh Gia Khôi,10A7,10
10A7-021,Kim Anh Kiệt,10A7,10
10A7-022,Lê Tuấn Kiệt,10A7,10
10A7-023,Nguyễn Tấn Lộc,10A7,10
10A7-024,Nguyễn Phúc Lộc,10A7,10
10A7-025,Nguyễn Tấn Lộc,10A7,10
10A7-026,Nguyễn Anh Hữu Luân,10A7,10
10A7-027,Võ Ngọc Diễm My,10A7,10
10A7-028,Phan Trung Nghĩa,10A7,10
10A7-029,Nguyễn Ngọc Thảo Nguyên,10A7,10
10A7-030,Phạm Hoàng Nhân,10A7,10
10A7-031,Tạ Thị Khánh Nhi,10A7,10
10A7-032,Nguyễn Chúc Nữ,10A7,10
10A7-033,Võ Văn Phát,10A7,10
10A7-034,Bùi Tiến Phát,10A7,10
10A7-035,Võ Minh Tâm,10A7,10
10A7-036,Nguyễn Thị Minh Thi,10A7,10
10A7-037,Lê Ngọc Anh Thơ,10A7,10
10A7-038,Phạm Thị Hồng Thơ,10A7,10
10A7-039,Võ Hoàng Thuận,10A7,10
10A7-040,Quách Hữu Tình,10A7,10
10A7-041,Tạ Thị Ngọc Trâm,10A7,10
10A7-042,Trần Huyền Trân,10A7,10
10A7-043,Ngô Văn Trường,10A7,10
10A7-044,Phạm Gia Tường,10A7,10
10A7-045,Nguyễn Phúc Tường,10A7,10
10A7-046,Nguyễn A Tý,10A7,10
10A7-047,Trần Hoàng Vân,10A7,10
10A7-048,Đỗ Tường Vy,10A7,10
10A7-049,Huỳnh Thanh Vy,10A7,10
10A7-050,Nguyễn Thị Mỹ Xuyên,10A7,10
10A8-001,Trần Quốc Bảo,10A8,10
10A8-002,Đỗ Minh Bảo,10A8,10
10A8-003,Nguyễn Hải Đăng,10A8,10
10A8-004,Trần Thị Thùy Dương,10A8,10
10A8-005,Lê Tấn Giàu,10A8,10
10A8-006,Nguyễn Ngọc Hân,10A8,10
10A8-007,Nguyễn Đức Hùng,10A8,10
10A8-008,Nguyễn Huy,10A8,10
10A8-009,Lương Bích Huyền,10A8,10
10A8-010,Trần Đăng Hoàng Khải,10A8,10
10A8-011,Ngô Tuấn Khang,10A8,10
10A8-012,Nguyễn Tuấn Kiệt,10A8,10
10A8-013,Lê Tuấn Kiệt,10A8,10
10A8-014,Nguyễn Quốc Gia Kỳ,10A8,10
10A8-015,Nguyễn Tùng Lâm,10A8,10
10A8-016,Tống Khánh Linh,10A8,10
10A8-017,Trương Hoàng Minh,10A8,10
10A8-018,Phan Thị Diễm My,10A8,10
10A8-019,Nguyễn Trương Mỹ Ngọc,10A8,10
10A8-020,Nguyễn Bảo Ngọc,10A8,10
10A8-021,Nguyễn Thị Ngọc Nhi,10A8,10
10A8-022,Lê Thị Thảo Nhi,10A8,10
10A8-023,Nguyễn Thị Mỹ Nhiên,10A8,10
10A8-024,Võ Thị Huỳnh Như,10A8,10
10A8-025,Đoàn Chi Nhường,10A8,10
10A8-026,Lê Thành Phát,10A8,10
10A8-027,Trương Trần Duy Phát,10A8,10
10A8-028,Nguyễn Thị Kim Phụng,10A8,10
10A8-029,Võ Nhựt Quang,10A8,10
10A8-030,Nguyễn Như Quỳnh,10A8,10
10A8-031,Trần Quốc Sỹ,10A8,10
10A8-032,Trương Phát Tài,10A8,10
10A8-033,Lâm Minh Thắng,10A8,10
10A8-034,Nguyễn Thị Diệu Thanh,10A8,10
10A8-035,Phạm Thanh Thảo,10A8,10
10A8-036,Phạm Nguyễn Thanh Thảo,10A8,10
10A8-037,Nguyễn Tăng Thanh Thảo,10A8,10
10A8-038,Tống Gia Thịnh,10A8,10
10A8-039,Lê Thị Anh Thư,10A8,10
10A8-040,Võ Thị Huỳnh Thư,10A8,10
10A8-041,Lư Hữu Toàn,10A8,10
10A8-042,Châu Thị Ngọc Trân,10A8,10
10A8-043,Nguyễn Thị Thùy Trang,10A8,10
10A8-044,Trần Ngọc Thảo Trinh,10A8,10
10A8-045,Trần Thị Thanh Trúc,10A8,10
10A8-046,Trần Thị Thanh Trúc,10A8,10
10A8-047,Lương Phương Vy,10A8,10
10A8-048,Bùi Thị Yến Vy,10A8,10
10A9-001,Kim Hoài Bảo,10A9,10
10A9-002,Đoàn Đỗ Hoàng Châu,10A9,10
10A9-003,Phạm Ngọc Diệp,10A9,10
10A9-004,Nguyễn Thị Thùy Duy,10A9,10
10A9-005,Nguyễn Thị Duyên,10A9,10
10A9-006,Lương Ngọc Hà,10A9,10
10A9-007,Lê Hoàng Hải,10A9,10
10A9-008,Đặng Thị Thái Hòa,10A9,10
10A9-009,Nguyễn Văn Hoài,10A9,10
10A9-010,Châu Phước Khôi,10A9,10
10A9-011,Trương Thanh Khôi,10A9,10
10A9-012,Bùi Trung Kiên,10A9,10
10A9-013,Huỳnh Tuấn Kiệt,10A9,10
10A9-014,Nguyễn Hữu Lộc,10A9,10
10A9-015,Lưu Thị Ngọc Mai,10A9,10
10A9-016,Lê Diễm My,10A9,10
10A9-017,Lê Trọng Nam,10A9,10
10A9-018,Trần Hồng Ngân,10A9,10
10A9-019,Bùi Thảo Ngân,10A9,10
10A9-020,Trần Thị Thúy Ngân,10A9,10
10A9-021,Trần Hoàng Nghĩa,10A9,10
10A9-022,Lê Nguyễn Khánh Ngọc,10A9,10
10A9-023,Nguyễn Quốc Ngôn,10A9,10
10A9-024,Bùi Tăng Trí Nguyên,10A9,10
10A9-025,Nguyễn Ngô Yến Nhi,10A9,10
10A9-026,Thạch Yến Nhi,10A9,10
10A9-027,Huỳnh Cẩm Như,10A9,10
10A9-028,Lương Phước Như,10A9,10
10A9-029,Hồ Gia Phú,10A9,10
10A9-030,Trần Huỳnh Gia Phước,10A9,10
10A9-031,Đặng Thị Ngọc Thắm,10A9,10
10A9-032,Võ Trần Quốc Thịnh,10A9,10
10A9-033,Nguyễn Quốc Thịnh,10A9,10
10A9-034,Trần Quốc Thịnh,10A9,10
10A9-035,Nguyễn Thị Anh Thư,10A9,10
10A9-036,Nguyễn Ngọc Thư,10A9,10
10A9-037,Nguyễn Bảo Thy,10A9,10
10A9-038,Đặng Mỹ Tiên,10A9,10
10A9-039,Nguyễn Trọng Toàn,10A9,10
10A9-040,Nguyễn Bảo Trân,10A9,10
10A9-041,Bùi Đức Trí,10A9,10
10A9-042,Võ Minh Triết,10A9,10
10A9-043,Đinh Thị Hồng Trúc,10A9,10
10A9-044,Hồ Thị Thanh Trúc,10A9,10
10A9-045,Võ Ngọc Cát Tường,10A9,10
10A9-046,Trần Thị Ngọc Tuyền,10A9,10
10A9-047,Bùi Lê Vy,10A9,10
10A9-048,Nguyễn Như Ý,10A9,10
